<?xml version="1.0" ?>
<LOG_ROOT>
	<PROJECT NAME="tutor3">
		<CBX_INST_ENTRY INSTANCE_NAME="|tutor3|segs1:inst2|lpm_counter:LPM_COUNTER_component" CBX_FILE_NAME="cntr_69j.tdf"/>
		<CBX_INST_ENTRY INSTANCE_NAME="|tutor3|segs2:inst7|lpm_counter:LPM_COUNTER_component" CBX_FILE_NAME="cntr_lij.tdf"/>
		<CBX_INST_ENTRY INSTANCE_NAME="|tutor3|hour1:inst10|lpm_counter:LPM_COUNTER_component" CBX_FILE_NAME="cntr_rik.tdf"/>
		<CBX_INST_ENTRY INSTANCE_NAME="|tutor3|hour2:inst11|lpm_counter:LPM_COUNTER_component" CBX_FILE_NAME="cntr_04k.tdf"/>
		<CBX_INST_ENTRY INSTANCE_NAME="|tutor3|mins1:inst8|lpm_counter:LPM_COUNTER_component" CBX_FILE_NAME="cntr_rik.tdf"/>
		<CBX_INST_ENTRY INSTANCE_NAME="|tutor3|mins2:inst9|lpm_counter:LPM_COUNTER_component" CBX_FILE_NAME="cntr_ghk.tdf"/>
	</PROJECT>
</LOG_ROOT>
